Original Image,Predicted Category,Cell Count,NET Positive Ratio
PMA_1,NET negative,61,29.88505747126437
PMA_1,NET positive,26,29.88505747126437
PMA_2,NET negative,66,25.842696629213485
PMA_2,NET positive,23,25.842696629213485
PMA_3,NET negative,49,37.17948717948718
PMA_3,NET positive,29,37.17948717948718
