Original Image,Predicted Category,Subimage Number,NET Positive Ratio
20211111.lif_ctr 3.11.21NET488_MPO633_011,NET negative,129,8.51063829787234
20211111.lif_ctr 3.11.21NET488_MPO633_011,NET positive,12,8.51063829787234
20211111.lif_ctr 3.11.21NET488_MPO633_014,NET negative,110,8.333333333333332
20211111.lif_ctr 3.11.21NET488_MPO633_014,NET positive,10,8.333333333333332
20211111.lif_ctr 3.11.21NET488_MPO633_017,NET negative,118,6.349206349206349
20211111.lif_ctr 3.11.21NET488_MPO633_017,NET positive,8,6.349206349206349
20211111.lif_ctr 3.11.21NET488_MPO633_021,NET negative,84,9.67741935483871
20211111.lif_ctr 3.11.21NET488_MPO633_021,NET positive,9,9.67741935483871
