{
  "1": 1.4357638888888888,
  "2": 0.7671614100185529
}