Original Image,Predicted Category,Subimage Number,NET Positive Ratio
20211111.lif_PMA 3.11.21NET488_MPO633_003,NET negative,53,32.91139240506329
20211111.lif_PMA 3.11.21NET488_MPO633_003,NET positive,26,32.91139240506329
20211111.lif_PMA_27.10.21NET488_MPO 633_005,NET negative,21,53.333333333333336
20211111.lif_PMA_27.10.21NET488_MPO 633_005,NET positive,24,53.333333333333336
20211111.lif_ctr 3.11.21NET488_MPO633_002,NET negative,9,25.0
20211111.lif_ctr 3.11.21NET488_MPO633_002,NET positive,3,25.0
20211111.lif_ctr 3.11.21NET488_MPO633_1,NET negative,18,10.0
20211111.lif_ctr 3.11.21NET488_MPO633_1,NET positive,2,10.0
